{"cameraMode":{"drawMode":0,"name":"Shaded","section":"Shading Mode"},"sceneLighting":true,"audioPlay":false,"sceneViewState":{"m_AlwaysRefresh":false,"showFog":true,"showSkybox":false,"showFlares":true,"showImageEffects":true,"showParticleSystems":true,"showVisualEffectGraphs":true,"m_FxEnabled":true},"in2DMode":false,"pivot":{"x":0.0038499832153320314,"y":0.6105003356933594,"z":1.9481010437011719},"rotation":{"x":0.32869404554367068,"y":0.5421420335769653,"z":-0.24269041419029237,"w":0.7342677116394043},"size":48.912742614746097,"orthographic":false}