{"cameraMode":{"drawMode":0,"name":"Shaded","section":"Shading Mode"},"sceneLighting":false,"audioPlay":false,"sceneViewState":{"m_AlwaysRefresh":false,"showFog":true,"showSkybox":false,"showFlares":true,"showImageEffects":true,"showParticleSystems":true,"showVisualEffectGraphs":true,"m_FxEnabled":true},"in2DMode":false,"pivot":{"x":-0.0049381256103515629,"y":0.00000476837158203125,"z":-0.000003814697265625},"rotation":{"x":0.04733305796980858,"y":0.9467986226081848,"z":-0.1643812358379364,"w":0.272748738527298},"size":22.04877471923828,"orthographic":false}