{"cameraMode":{"drawMode":0,"name":"Shaded","section":"Shading Mode"},"sceneLighting":false,"audioPlay":false,"sceneViewState":{"m_AlwaysRefresh":false,"showFog":true,"showSkybox":false,"showFlares":true,"showImageEffects":true,"showParticleSystems":true,"showVisualEffectGraphs":true,"m_FxEnabled":true},"in2DMode":false,"pivot":{"x":1.3914235830307007,"y":0.32678547501564028,"z":-0.534013032913208},"rotation":{"x":-0.016395488753914834,"y":-0.9836021065711975,"z":0.12819543480873109,"w":-0.12579700350761414},"size":2.9660251140594484,"orthographic":false}