{"cameraMode":{"drawMode":0,"name":"Shaded","section":"Shading Mode"},"sceneLighting":true,"audioPlay":false,"sceneViewState":{"m_AlwaysRefresh":false,"showFog":true,"showSkybox":false,"showFlares":true,"showImageEffects":true,"showParticleSystems":true,"showVisualEffectGraphs":true,"m_FxEnabled":true},"in2DMode":false,"pivot":{"x":-1.7880449295043946,"y":0.5671908855438232,"z":-0.7985571622848511},"rotation":{"x":-0.050003115087747577,"y":0.8703927397727966,"z":-0.09040872007608414,"w":-0.48139575123786929},"size":3.580228328704834,"orthographic":false}