{"cameraMode":{"drawMode":0,"name":"Shaded","section":"Shading Mode"},"sceneLighting":true,"audioPlay":false,"sceneViewState":{"m_AlwaysRefresh":false,"showFog":true,"showSkybox":false,"showFlares":true,"showImageEffects":true,"showParticleSystems":true,"showVisualEffectGraphs":true,"m_FxEnabled":true},"in2DMode":false,"pivot":{"x":0.6276636123657227,"y":0.19221282005310059,"z":-1.8680858612060547},"rotation":{"x":0.08281264454126358,"y":-0.8533008694648743,"z":0.14287419617176057,"w":0.4945855736732483},"size":2.004103899002075,"orthographic":false}