{"cameraMode":{"drawMode":0,"name":"Shaded","section":"Shading Mode"},"sceneLighting":true,"audioPlay":false,"sceneViewState":{"m_AlwaysRefresh":false,"showFog":true,"showSkybox":true,"showFlares":true,"showImageEffects":true,"showParticleSystems":true,"showVisualEffectGraphs":true,"m_FxEnabled":true},"in2DMode":false,"pivot":{"x":-1.0648630857467652,"y":0.02335338294506073,"z":0.8531343340873718},"rotation":{"x":0.12467096000909805,"y":0.29157301783561709,"z":-0.0383559986948967,"w":0.9476224780082703},"size":81.46907806396485,"orthographic":false}