{"cameraMode":{"drawMode":0,"name":"Shaded","section":"Shading Mode"},"sceneLighting":false,"audioPlay":false,"sceneViewState":{"m_AlwaysRefresh":false,"showFog":true,"showSkybox":false,"showFlares":true,"showImageEffects":true,"showParticleSystems":true,"showVisualEffectGraphs":true,"m_FxEnabled":true},"in2DMode":false,"pivot":{"x":0.00002568960189819336,"y":0.018361680209636689,"z":-0.014852851629257203},"rotation":{"x":0.1861039698123932,"y":-0.11027771979570389,"z":0.021025286987423898,"w":0.9761062264442444},"size":0.4148738980293274,"orthographic":false}