{"cameraMode":{"drawMode":0,"name":"Shaded","section":"Shading Mode"},"sceneLighting":false,"audioPlay":false,"sceneViewState":{"m_AlwaysRefresh":false,"showFog":true,"showSkybox":false,"showFlares":true,"showImageEffects":true,"showParticleSystems":true,"showVisualEffectGraphs":true,"m_FxEnabled":true},"in2DMode":false,"pivot":{"x":0.006448507308959961,"y":0.059472501277923587,"z":0.005943700671195984},"rotation":{"x":-0.09415049850940705,"y":-0.8901730179786682,"z":0.21444495022296906,"w":-0.39082351326942446},"size":0.2221858948469162,"orthographic":false}