{"cameraMode":{"drawMode":0,"name":"Shaded","section":"Shading Mode"},"sceneLighting":false,"audioPlay":false,"sceneViewState":{"m_AlwaysRefresh":false,"showFog":true,"showSkybox":false,"showFlares":true,"showImageEffects":true,"showParticleSystems":true,"showVisualEffectGraphs":true,"m_FxEnabled":true},"in2DMode":false,"pivot":{"x":2.384185791015625e-7,"y":1.031581997871399,"z":0.4829428195953369},"rotation":{"x":0.09012915939092636,"y":0.3617754876613617,"z":-0.03516560047864914,"w":0.9272345900535584},"size":2.1838207244873049,"orthographic":false}