{"cameraMode":{"drawMode":0,"name":"Shaded","section":"Shading Mode"},"sceneLighting":false,"audioPlay":false,"sceneViewState":{"m_AlwaysRefresh":false,"showFog":true,"showSkybox":false,"showFlares":true,"showImageEffects":true,"showParticleSystems":true,"showVisualEffectGraphs":true,"m_FxEnabled":true},"in2DMode":false,"pivot":{"x":0.00005072355270385742,"y":0.328860878944397,"z":0.002863973379135132},"rotation":{"x":0.2128380537033081,"y":0.01377820037305355,"z":-0.00300165475346148,"w":0.9769865274429321},"size":0.685512900352478,"orthographic":true}