{"cameraMode":{"drawMode":0,"name":"Shaded","section":"Shading Mode"},"sceneLighting":true,"audioPlay":false,"sceneViewState":{"m_AlwaysRefresh":false,"showFog":true,"showSkybox":false,"showFlares":true,"showImageEffects":true,"showParticleSystems":true,"showVisualEffectGraphs":true,"m_FxEnabled":true},"in2DMode":false,"pivot":{"x":0.15311843156814576,"y":1.5457202196121216,"z":0.030919700860977174},"rotation":{"x":0.037072040140628818,"y":0.9447011351585388,"z":-0.1147666871547699,"w":0.3050052523612976},"size":3.3637304306030275,"orthographic":false}