{"cameraMode":{"drawMode":0,"name":"Shaded","section":"Shading Mode"},"sceneLighting":false,"audioPlay":false,"sceneViewState":{"m_AlwaysRefresh":false,"showFog":true,"showSkybox":false,"showFlares":true,"showImageEffects":true,"showParticleSystems":true,"showVisualEffectGraphs":true,"m_FxEnabled":true},"in2DMode":false,"pivot":{"x":0.00022208690643310547,"y":0.8597233295440674,"z":0.04648381471633911},"rotation":{"x":-0.047865599393844607,"y":0.9505171775817871,"z":-0.18624882400035859,"w":-0.24415749311447144},"size":1.6360280513763428,"orthographic":false}