{"cameraMode":{"drawMode":0,"name":"Shaded","section":"Shading Mode"},"sceneLighting":true,"audioPlay":false,"sceneViewState":{"m_AlwaysRefresh":false,"showFog":true,"showSkybox":false,"showFlares":true,"showImageEffects":true,"showParticleSystems":true,"showVisualEffectGraphs":true,"m_FxEnabled":true},"in2DMode":false,"pivot":{"x":-2.4845898151397707,"y":0.08295238018035889,"z":-0.13154757022857667},"rotation":{"x":-0.02285774052143097,"y":-0.9764111042022705,"z":0.16982032358646394,"w":-0.13143795728683473},"size":3.061703681945801,"orthographic":false}