{"cameraMode":{"drawMode":0,"name":"Shaded","section":"Shading Mode"},"sceneLighting":false,"audioPlay":false,"sceneViewState":{"m_AlwaysRefresh":false,"showFog":true,"showSkybox":false,"showFlares":true,"showImageEffects":true,"showParticleSystems":true,"showVisualEffectGraphs":true,"m_FxEnabled":true},"in2DMode":false,"pivot":{"x":-1.2183901071548463,"y":1.7599999904632569,"z":0.01985754817724228},"rotation":{"x":-0.06836508959531784,"y":-0.9210993051528931,"z":0.18852505087852479,"w":-0.3338218629360199},"size":3.304523229598999,"orthographic":false}