{"cameraMode":{"drawMode":0,"name":"Shaded","section":"Shading Mode"},"sceneLighting":true,"audioPlay":false,"sceneViewState":{"m_AlwaysRefresh":false,"showFog":true,"showSkybox":false,"showFlares":true,"showImageEffects":true,"showParticleSystems":true,"showVisualEffectGraphs":true,"m_FxEnabled":true},"in2DMode":false,"pivot":{"x":0.8709999918937683,"y":0.5040000081062317,"z":-1.690000057220459},"rotation":{"x":0.009860220365226269,"y":0.9520487189292908,"z":-0.030855199322104455,"w":0.3042287826538086},"size":3.0062174797058107,"orthographic":false}