{"cameraMode":{"drawMode":0,"name":"Shaded","section":"Shading Mode"},"sceneLighting":true,"audioPlay":false,"sceneViewState":{"m_AlwaysRefresh":false,"showFog":true,"showSkybox":false,"showFlares":true,"showImageEffects":true,"showParticleSystems":true,"showVisualEffectGraphs":true,"m_FxEnabled":true},"in2DMode":false,"pivot":{"x":1.0048332214355469,"y":0.6073331832885742,"z":-1.4533329010009766},"rotation":{"x":0.32869404554367068,"y":0.5421420335769653,"z":-0.24269041419029237,"w":0.7342677116394043},"size":48.94990158081055,"orthographic":false}