{"cameraMode":{"drawMode":0,"name":"Shaded","section":"Shading Mode"},"sceneLighting":false,"audioPlay":false,"sceneViewState":{"m_AlwaysRefresh":false,"showFog":true,"showSkybox":false,"showFlares":true,"showImageEffects":true,"showParticleSystems":true,"showVisualEffectGraphs":true,"m_FxEnabled":true},"in2DMode":false,"pivot":{"x":-0.176727294921875,"y":-0.07770130038261414,"z":1.2154241800308228},"rotation":{"x":0.2499799132347107,"y":0.6962575316429138,"z":-0.28571054339408877,"w":0.6091837286949158},"size":1.3038313388824463,"orthographic":false}