{"cameraMode":{"drawMode":0,"name":"Shaded","section":"Shading Mode"},"sceneLighting":false,"audioPlay":false,"sceneViewState":{"m_AlwaysRefresh":false,"showFog":true,"showSkybox":false,"showFlares":true,"showImageEffects":true,"showParticleSystems":true,"showVisualEffectGraphs":true,"m_FxEnabled":true},"in2DMode":false,"pivot":{"x":0.005240291357040405,"y":0.06365714222192764,"z":0.029502302408218385},"rotation":{"x":0.04226003214716911,"y":-0.9114713668823242,"z":0.09688518941402435,"w":0.39755937457084658},"size":0.3370412290096283,"orthographic":false}